INSERT INTO Department(Name) VALUES ('Distribution');
INSERT INTO Department(Name) VALUES ('HQ');
INSERT INTO Department(Name) VALUES ('IT');
INSERT INTO Department(Name) VALUES ('Product Development');
INSERT INTO Department(Name) VALUES ('Sales');


INSERT INTO Education_Level(Name) VALUES ('No College');
INSERT INTO Education_Level(Name) VALUES ('Some College');
INSERT INTO Education_Level(Name) VALUES ('Associates Degree');
INSERT INTO Education_Level(Name) VALUES ('No College');
INSERT INTO Education_Level(Name) VALUES ('Bachelors Degree');
INSERT INTO Education_Level(Name) VALUES ('Masters Degree');
INSERT INTO Education_Level(Name) VALUES ('Doctorate');
INSERT INTO Education_Level(Name) VALUES ('Masters of Business Administration');



INSERT INTO Office(Location, Address, City, State) VALUES ('West Coast', '705 James Way', 'San Francisco', 'CA');
INSERT INTO Office(Location, Address, City, State) VALUES ('Midwest', '1300 Nicollet Mall', 'Minnapolis', 'MN');
INSERT INTO Office(Location, Address, City, State) VALUES ('East Coast', '165 Broadway', 'New York City', 'NY');
INSERT INTO Office(Location, Address, City, State) VALUES ('HQ', '1 Tech ABC Corp Way', 'Dallas', 'TX');
INSERT INTO Office(Location, Address, City, State) VALUES ('South', '422 Broadway', 'Nashville', 'TN');



INSERT INTO Job_Title(Title) VALUES ('Administrative Assistant');
INSERT INTO Job_Title(Title) VALUES ('Database Administrator');
INSERT INTO Job_Title(Title) VALUES ('Design Engineer');
INSERT INTO Job_Title(Title) VALUES ('Legal Counsel');
INSERT INTO Job_Title(Title) VALUES ('Manager');
INSERT INTO Job_Title(Title) VALUES ('Network Engineer');
INSERT INTO Job_Title(Title) VALUES ('President');
INSERT INTO Job_Title(Title) VALUES ('Sales Rep');
INSERT INTO Job_Title(Title) VALUES ('Shipping and Receiving');
INSERT INTO Job_Title(Title) VALUES ('Software Engineer');








INSERT INTO Employee(Id, Name_Surname, Email, Hire_Date, Job_Title_Id, Department_Id, Manager_Id, Start_Date, End_Date, Office_Id, Education_Level_Id) VALUES ('E17054','Tyrone Hutchison','Tyrone.Hutchison@TechCorp.com','2006-09-07',7,2,NULL,'2006-09-07',NULL,4,8);
INSERT INTO Employee(Id, Name_Surname, Email, Hire_Date, Job_Title_Id, Department_Id, Manager_Id, Start_Date, End_Date, Office_Id, Education_Level_Id) VALUES ('E63041','Allison Gentle','Allison.Gentle@TechCorp.com','1995-08-22',5,1,'E17054','1995-08-22',NULL,1,8);
INSERT INTO Employee(Id, Name_Surname, Email, Hire_Date, Job_Title_Id, Department_Id, Manager_Id, Start_Date, End_Date, Office_Id, Education_Level_Id) VALUES ('E44426','Jacob Lauber','Jacob.Lauber@TechCorp.com','2007-05-02',5,3,'E17054','2007-05-02',NULL,3,8);
INSERT INTO Employee(Id, Name_Surname, Email, Hire_Date, Job_Title_Id, Department_Id, Manager_Id, Start_Date, End_Date, Office_Id, Education_Level_Id) VALUES ('E77884','Conner Kinch','Conner.Kinch@TechCorp.com','2002-12-09',5,4,'E17054','2002-12-09',NULL,1,8);
INSERT INTO Employee(Id, Name_Surname, Email, Hire_Date, Job_Title_Id, Department_Id, Manager_Id, Start_Date, End_Date, Office_Id, Education_Level_Id) VALUES ('E88667','Jennifer De La Garza','Jennifer.De La Garza@TechCorp.com','1995-12-21',5,5,'E17054','1995-12-21',NULL,1,6);

INSERT INTO Employee(Id, Name_Surname, Email, Hire_Date, Job_Title_Id, Department_Id, Manager_Id, Start_Date, End_Date, Office_Id, Education_Level_Id) VALUES ('E17469','Haifa Hajiri','Haifa.Hajiri@TechCorp.com','2003-12-17',1,1,'E63041','2003-12-17',NULL,1,1);
INSERT INTO Employee(Id, Name_Surname, Email, Hire_Date, Job_Title_Id, Department_Id, Manager_Id, Start_Date, End_Date, Office_Id, Education_Level_Id) VALUES ('E27621','Wendell Mobley','Wendell.Mobley@TechCorp.com','2013-11-27',1,1,'E63041','2013-11-27',NULL,1,2);
INSERT INTO Employee(Id, Name_Surname, Email, Hire_Date, Job_Title_Id, Department_Id, Manager_Id, Start_Date, End_Date, Office_Id, Education_Level_Id) VALUES ('E27909','Michael Sperduti','Michael.Sperduti@TechCorp.com','2014-06-20',1,1,'E63041','2014-06-20',NULL,1,3);
INSERT INTO Employee(Id, Name_Surname, Email, Hire_Date, Job_Title_Id, Department_Id, Manager_Id, Start_Date, End_Date, Office_Id, Education_Level_Id) VALUES ('E35053','Ashley Bergman','Ashley.Bergman@TechCorp.com','2009-03-01',1,1,'E63041','2009-03-01',NULL,2,1);
INSERT INTO Employee(Id, Name_Surname, Email, Hire_Date, Job_Title_Id, Department_Id, Manager_Id, Start_Date, End_Date, Office_Id, Education_Level_Id) VALUES ('E51723','Carlos Lopez','Carlos.Lopez@TechCorp.com','2014-05-23',1,1,'E63041','2014-05-23',NULL,3,1);
INSERT INTO Employee(Id, Name_Surname, Email, Hire_Date, Job_Title_Id, Department_Id, Manager_Id, Start_Date, End_Date, Office_Id, Education_Level_Id) VALUES ('E59688','Jason Wingard','Jason.Wingard@TechCorp.com','2006-01-11',1,1,'E63041','2006-01-11',NULL,1,2);
INSERT INTO Employee(Id, Name_Surname, Email, Hire_Date, Job_Title_Id, Department_Id, Manager_Id, Start_Date, End_Date, Office_Id, Education_Level_Id) VALUES ('E18697','Anita Deluise','Anita.Deluise@TechCorp.com','1995-06-01',1,2,'E17054','1995-06-01',NULL,4,3);
INSERT INTO Employee(Id, Name_Surname, Email, Hire_Date, Job_Title_Id, Department_Id, Manager_Id, Start_Date, End_Date, Office_Id, Education_Level_Id) VALUES ('E25640','Joseph Donohue','Joseph.Donohue@TechCorp.com','2007-12-27',1,2,'E17054','2007-12-27',NULL,4,1);
INSERT INTO Employee(Id, Name_Surname, Email, Hire_Date, Job_Title_Id, Department_Id, Manager_Id, Start_Date, End_Date, Office_Id, Education_Level_Id) VALUES ('E35075','John Certa','John.Certa@TechCorp.com','2007-08-29',1,2,'E17054','2007-08-29',NULL,4,2);
INSERT INTO Employee(Id, Name_Surname, Email, Hire_Date, Job_Title_Id, Department_Id, Manager_Id, Start_Date, End_Date, Office_Id, Education_Level_Id) VALUES ('E56459','Raven Landis','Raven.Landis@TechCorp.com','2016-04-21',1,2,'E17054','2016-04-21',NULL,4,3);
INSERT INTO Employee(Id, Name_Surname, Email, Hire_Date, Job_Title_Id, Department_Id, Manager_Id, Start_Date, End_Date, Office_Id, Education_Level_Id) VALUES ('E78732','Randy Myers','Randy.Myers@TechCorp.com','2020-01-24',1,2,'E17054','2020-01-24',NULL,4,3);
INSERT INTO Employee(Id, Name_Surname, Email, Hire_Date, Job_Title_Id, Department_Id, Manager_Id, Start_Date, End_Date, Office_Id, Education_Level_Id) VALUES ('E90407','Danny Godiksen','Danny.Godiksen@TechCorp.com','2010-12-15',1,2,'E17054','2010-12-15',NULL,4,3);
INSERT INTO Employee(Id, Name_Surname, Email, Hire_Date, Job_Title_Id, Department_Id, Manager_Id, Start_Date, End_Date, Office_Id, Education_Level_Id) VALUES ('E45824','Raj Prudvi','Raj.Prudvi@TechCorp.com','2017-10-03',1,3,'E44426','2017-10-03',NULL,3,3);
INSERT INTO Employee(Id, Name_Surname, Email, Hire_Date, Job_Title_Id, Department_Id, Manager_Id, Start_Date, End_Date, Office_Id, Education_Level_Id) VALUES ('E48148','Alexis Fitzpatrick','Alexis.Fitzpatrick@TechCorp.com','2013-02-19',1,3,'E44426','2013-02-19',NULL,2,1);
INSERT INTO Employee(Id, Name_Surname, Email, Hire_Date, Job_Title_Id, Department_Id, Manager_Id, Start_Date, End_Date, Office_Id, Education_Level_Id) VALUES ('E50012','Ann Roberto','Ann.Roberto@TechCorp.com','2009-10-01',1,3,'E44426','2009-10-01',NULL,2,1);
INSERT INTO Employee(Id, Name_Surname, Email, Hire_Date, Job_Title_Id, Department_Id, Manager_Id, Start_Date, End_Date, Office_Id, Education_Level_Id) VALUES ('E81502','Danny Laxton','Danny.Laxton@TechCorp.com','1999-10-24',1,3,'E44426','1999-10-24',NULL,3,2);
INSERT INTO Employee(Id, Name_Surname, Email, Hire_Date, Job_Title_Id, Department_Id, Manager_Id, Start_Date, End_Date, Office_Id, Education_Level_Id) VALUES ('E83558','Laura McKenna','Laura.McKenna@TechCorp.com','1997-10-15',1,3,'E44426','1997-10-15',NULL,3,3);
INSERT INTO Employee(Id, Name_Surname, Email, Hire_Date, Job_Title_Id, Department_Id, Manager_Id, Start_Date, End_Date, Office_Id, Education_Level_Id) VALUES ('E99949','William Graf','William.Graf@TechCorp.com','2005-05-26',1,3,'E44426','2005-05-26',NULL,4,5);
INSERT INTO Employee(Id, Name_Surname, Email, Hire_Date, Job_Title_Id, Department_Id, Manager_Id, Start_Date, End_Date, Office_Id, Education_Level_Id) VALUES ('E12562','Keith Ingram','Keith.Ingram@TechCorp.com','1996-04-14',1,4,'E77884','1996-04-14',NULL,4,2);
INSERT INTO Employee(Id, Name_Surname, Email, Hire_Date, Job_Title_Id, Department_Id, Manager_Id, Start_Date, End_Date, Office_Id, Education_Level_Id) VALUES ('E16346','Jill Fram','Jill.Fram@TechCorp.com','2007-12-16',1,4,'E77884','2007-12-16',NULL,4,3);
INSERT INTO Employee(Id, Name_Surname, Email, Hire_Date, Job_Title_Id, Department_Id, Manager_Id, Start_Date, End_Date, Office_Id, Education_Level_Id) VALUES ('E37523','Alan Mecklet','Alan.Mecklet@TechCorp.com','2017-12-02',1,4,'E77884','2017-12-02',NULL,3,5);
INSERT INTO Employee(Id, Name_Surname, Email, Hire_Date, Job_Title_Id, Department_Id, Manager_Id, Start_Date, End_Date, Office_Id, Education_Level_Id) VALUES ('E57987','Nicole Lee','Nicole.Lee@TechCorp.com','2016-05-15',1,4,'E77884','2016-05-15',NULL,1,1);
INSERT INTO Employee(Id, Name_Surname, Email, Hire_Date, Job_Title_Id, Department_Id, Manager_Id, Start_Date, End_Date, Office_Id, Education_Level_Id) VALUES ('E73518','Cheryl Pike','Cheryl.Pike@TechCorp.com','2001-03-24',1,4,'E77884','2001-03-24',NULL,5,1);
INSERT INTO Employee(Id, Name_Surname, Email, Hire_Date, Job_Title_Id, Department_Id, Manager_Id, Start_Date, End_Date, Office_Id, Education_Level_Id) VALUES ('E74296','Krishna Burli','Krishna.Burli@TechCorp.com','2016-12-19',1,4,'E77884','2016-12-19',NULL,5,2);
INSERT INTO Employee(Id, Name_Surname, Email, Hire_Date, Job_Title_Id, Department_Id, Manager_Id, Start_Date, End_Date, Office_Id, Education_Level_Id) VALUES ('E77317','Kathy Abiskaroon','Kathy.Abiskaroon@TechCorp.com','2015-05-20',1,4,'E77884','2015-05-20',NULL,5,3);
INSERT INTO Employee(Id, Name_Surname, Email, Hire_Date, Job_Title_Id, Department_Id, Manager_Id, Start_Date, End_Date, Office_Id, Education_Level_Id) VALUES ('E91791','Aaron Richman','Aaron.Richman@TechCorp.com','2017-06-02',1,4,'E77884','2017-06-02',NULL,3,3);
INSERT INTO Employee(Id, Name_Surname, Email, Hire_Date, Job_Title_Id, Department_Id, Manager_Id, Start_Date, End_Date, Office_Id, Education_Level_Id) VALUES ('E94358','Muhammed Rubel','Muhammed.Rubel@TechCorp.com','2007-07-08',1,4,'E77884','2007-07-08',NULL,4,3);
INSERT INTO Employee(Id, Name_Surname, Email, Hire_Date, Job_Title_Id, Department_Id, Manager_Id, Start_Date, End_Date, Office_Id, Education_Level_Id) VALUES ('E34496','Tony Hughes','Tony.Hughes@TechCorp.com','2009-01-27',1,5,'E88667','2009-01-27',NULL,4,3);
INSERT INTO Employee(Id, Name_Surname, Email, Hire_Date, Job_Title_Id, Department_Id, Manager_Id, Start_Date, End_Date, Office_Id, Education_Level_Id) VALUES ('E87219','Jorge Moscoso','Jorge.Moscoso@TechCorp.com','2017-09-20',1,5,'E88667','2017-09-20',NULL,5,1);
INSERT INTO Employee(Id, Name_Surname, Email, Hire_Date, Job_Title_Id, Department_Id, Manager_Id, Start_Date, End_Date, Office_Id, Education_Level_Id) VALUES ('E89540','Amit Hardiya','Amit.Hardiya@TechCorp.com','2017-06-01',1,5,'E88667','2017-06-01',NULL,3,1);
INSERT INTO Employee(Id, Name_Surname, Email, Hire_Date, Job_Title_Id, Department_Id, Manager_Id, Start_Date, End_Date, Office_Id, Education_Level_Id) VALUES ('E13160','Eric  Baxter','Eric .Baxter@TechCorp.com','2008-10-06',2,3,'E44426','2008-10-06',NULL,4,3);
INSERT INTO Employee(Id, Name_Surname, Email, Hire_Date, Job_Title_Id, Department_Id, Manager_Id, Start_Date, End_Date, Office_Id, Education_Level_Id) VALUES ('E16678','Abby Lockhart','Abby.Lockhart@TechCorp.com','2005-11-25',2,3,'E44426','2005-11-25',NULL,4,5);
INSERT INTO Employee(Id, Name_Surname, Email, Hire_Date, Job_Title_Id, Department_Id, Manager_Id, Start_Date, End_Date, Office_Id, Education_Level_Id) VALUES ('E27498','Toni Lembeck','Toni.Lembeck@TechCorp.com','2001-07-18',2,3,'E44426','2001-07-18',NULL,5,5);
INSERT INTO Employee(Id, Name_Surname, Email, Hire_Date, Job_Title_Id, Department_Id, Manager_Id, Start_Date, End_Date, Office_Id, Education_Level_Id) VALUES ('E37246','Paulius Mikalainis','Paulius.Mikalainis@TechCorp.com','2013-10-23',2,3,'E44426','2013-10-23',NULL,3,5);
INSERT INTO Employee(Id, Name_Surname, Email, Hire_Date, Job_Title_Id, Department_Id, Manager_Id, Start_Date, End_Date, Office_Id, Education_Level_Id) VALUES ('E49025','Mark Fiore','Mark.Fiore@TechCorp.com','2005-06-09',2,3,'E44426','2005-06-09',NULL,2,5);
INSERT INTO Employee(Id, Name_Surname, Email, Hire_Date, Job_Title_Id, Department_Id, Manager_Id, Start_Date, End_Date, Office_Id, Education_Level_Id) VALUES ('E76443','Thanuja Polani','Thanuja.Polani@TechCorp.com','2020-02-16',2,3,'E44426','2020-02-16',NULL,5,6);
INSERT INTO Employee(Id, Name_Surname, Email, Hire_Date, Job_Title_Id, Department_Id, Manager_Id, Start_Date, End_Date, Office_Id, Education_Level_Id) VALUES ('E86828','Philip Barnett','Philip.Barnett@TechCorp.com','2011-09-29',2,3,'E44426','2011-09-29',NULL,1,6);
INSERT INTO Employee(Id, Name_Surname, Email, Hire_Date, Job_Title_Id, Department_Id, Manager_Id, Start_Date, End_Date, Office_Id, Education_Level_Id) VALUES ('E98891','Doris Venama','Doris.Venama@TechCorp.com','2017-09-30',2,3,'E44426','2017-09-30',NULL,4,6);
INSERT INTO Employee(Id, Name_Surname, Email, Hire_Date, Job_Title_Id, Department_Id, Manager_Id, Start_Date, End_Date, Office_Id, Education_Level_Id) VALUES ('E34500','Kathy Fedder','Kathy.Fedder@TechCorp.com','1997-01-17',3,3,'E44426','1997-01-17',NULL,5,5);
INSERT INTO Employee(Id, Name_Surname, Email, Hire_Date, Job_Title_Id, Department_Id, Manager_Id, Start_Date, End_Date, Office_Id, Education_Level_Id) VALUES ('E41635','James Aryeetey','James.Aryeetey@TechCorp.com','2005-03-26',3,3,'E44426','2005-03-26',NULL,3,5);
INSERT INTO Employee(Id, Name_Surname, Email, Hire_Date, Job_Title_Id, Department_Id, Manager_Id, Start_Date, End_Date, Office_Id, Education_Level_Id) VALUES ('E51619','Tom Meola','Tom.Meola@TechCorp.com','2011-10-05',3,3,'E44426','2011-10-05',NULL,2,5);
INSERT INTO Employee(Id, Name_Surname, Email, Hire_Date, Job_Title_Id, Department_Id, Manager_Id, Start_Date, End_Date, Office_Id, Education_Level_Id) VALUES ('E98270','Jeff Barnhill','Jeff.Barnhill@TechCorp.com','1997-12-24',3,3,'E44426','1997-12-24',NULL,4,5);
INSERT INTO Employee(Id, Name_Surname, Email, Hire_Date, Job_Title_Id, Department_Id, Manager_Id, Start_Date, End_Date, Office_Id, Education_Level_Id) VALUES ('E25710','Brent Robinson','Brent.Robinson@TechCorp.com','2005-08-14',3,4,'E77884','2005-08-14',NULL,1,6);
INSERT INTO Employee(Id, Name_Surname, Email, Hire_Date, Job_Title_Id, Department_Id, Manager_Id, Start_Date, End_Date, Office_Id, Education_Level_Id) VALUES ('E41712','Elaine Podwika','Elaine.Podwika@TechCorp.com','2012-01-06',3,4,'E77884','2012-01-06',NULL,3,6);
INSERT INTO Employee(Id, Name_Surname, Email, Hire_Date, Job_Title_Id, Department_Id, Manager_Id, Start_Date, End_Date, Office_Id, Education_Level_Id) VALUES ('E42522','Fiona Morris','Fiona.Morris@TechCorp.com','2007-05-26',3,4,'E77884','2007-05-26',NULL,3,6);
INSERT INTO Employee(Id, Name_Surname, Email, Hire_Date, Job_Title_Id, Department_Id, Manager_Id, Start_Date, End_Date, Office_Id, Education_Level_Id) VALUES ('E45758','Walter Waddler','Walter.Waddler@TechCorp.com','2017-12-19',3,4,'E77884','2017-12-19',NULL,3,5);
INSERT INTO Employee(Id, Name_Surname, Email, Hire_Date, Job_Title_Id, Department_Id, Manager_Id, Start_Date, End_Date, Office_Id, Education_Level_Id) VALUES ('E48637','Joey Fulkerson','Joey.Fulkerson@TechCorp.com','1999-09-26',3,4,'E77884','1999-09-26',NULL,3,6);
INSERT INTO Employee(Id, Name_Surname, Email, Hire_Date, Job_Title_Id, Department_Id, Manager_Id, Start_Date, End_Date, Office_Id, Education_Level_Id) VALUES ('E60752','Michael Tholstrup','Michael.Tholstrup@TechCorp.com','2010-02-27',3,4,'E77884','2010-02-27',NULL,2,6);
INSERT INTO Employee(Id, Name_Surname, Email, Hire_Date, Job_Title_Id, Department_Id, Manager_Id, Start_Date, End_Date, Office_Id, Education_Level_Id) VALUES ('E77658','Hitesh Bhatt','Hitesh.Bhatt@TechCorp.com','2012-03-15',3,4,'E77884','2012-03-15',NULL,1,6);
INSERT INTO Employee(Id, Name_Surname, Email, Hire_Date, Job_Title_Id, Department_Id, Manager_Id, Start_Date, End_Date, Office_Id, Education_Level_Id) VALUES ('E85476','Shawn Reynolds','Shawn.Reynolds@TechCorp.com','2003-07-22',3,4,'E77884','2003-07-22',NULL,3,7);
INSERT INTO Employee(Id, Name_Surname, Email, Hire_Date, Job_Title_Id, Department_Id, Manager_Id, Start_Date, End_Date, Office_Id, Education_Level_Id) VALUES ('E38677','Michael Scilla','Michael.Scilla@TechCorp.com','2014-04-17',4,1,'E63041','2014-04-17',NULL,3,7);
INSERT INTO Employee(Id, Name_Surname, Email, Hire_Date, Job_Title_Id, Department_Id, Manager_Id, Start_Date, End_Date, Office_Id, Education_Level_Id) VALUES ('E45736','John Perez','John.Perez@TechCorp.com','2015-04-04',4,1,'E63041','2015-04-04',NULL,3,7);
INSERT INTO Employee(Id, Name_Surname, Email, Hire_Date, Job_Title_Id, Department_Id, Manager_Id, Start_Date, End_Date, Office_Id, Education_Level_Id) VALUES ('E56144','Cassidy Clayton','Cassidy.Clayton@TechCorp.com','2013-01-28',4,1,'E63041','2013-01-28',NULL,1,7);
INSERT INTO Employee(Id, Name_Surname, Email, Hire_Date, Job_Title_Id, Department_Id, Manager_Id, Start_Date, End_Date, Office_Id, Education_Level_Id) VALUES ('E33486','Stephen Colluci','Stephen.Colluci@TechCorp.com','2000-08-02',4,2,'E17054','2000-08-02',NULL,4,7);
INSERT INTO Employee(Id, Name_Surname, Email, Hire_Date, Job_Title_Id, Department_Id, Manager_Id, Start_Date, End_Date, Office_Id, Education_Level_Id) VALUES ('E38634','Zach Bratkovich','Zach.Bratkovich@TechCorp.com','2014-11-22',4,2,'E17054','2014-11-22',NULL,4,7);
INSERT INTO Employee(Id, Name_Surname, Email, Hire_Date, Job_Title_Id, Department_Id, Manager_Id, Start_Date, End_Date, Office_Id, Education_Level_Id) VALUES ('E53406','Janice Mayzlik','Janice.Mayzlik@TechCorp.com','2001-10-25',4,2,'E17054','2001-10-25',NULL,4,6);
INSERT INTO Employee(Id, Name_Surname, Email, Hire_Date, Job_Title_Id, Department_Id, Manager_Id, Start_Date, End_Date, Office_Id, Education_Level_Id) VALUES ('E75081','Dennis Fredrich','Dennis.Fredrich@TechCorp.com','2008-10-08',4,2,'E17054','2008-10-08',NULL,4,6);
INSERT INTO Employee(Id, Name_Surname, Email, Hire_Date, Job_Title_Id, Department_Id, Manager_Id, Start_Date, End_Date, Office_Id, Education_Level_Id) VALUES ('E79464','Anu Patel','Anu.Patel@TechCorp.com','1999-05-01',4,2,'E17054','1999-05-01',NULL,4,6);
INSERT INTO Employee(Id, Name_Surname, Email, Hire_Date, Job_Title_Id, Department_Id, Manager_Id, Start_Date, End_Date, Office_Id, Education_Level_Id) VALUES ('E96856','Tom Wilson','Tom.Wilson@TechCorp.com','2017-11-27',4,2,'E17054','2017-11-27',NULL,4,6);
INSERT INTO Employee(Id, Name_Surname, Email, Hire_Date, Job_Title_Id, Department_Id, Manager_Id, Start_Date, End_Date, Office_Id, Education_Level_Id) VALUES ('E47655','Cody Holland','Cody.Holland@TechCorp.com','1997-11-27',4,3,'E44426','1997-11-27',NULL,3,7);
INSERT INTO Employee(Id, Name_Surname, Email, Hire_Date, Job_Title_Id, Department_Id, Manager_Id, Start_Date, End_Date, Office_Id, Education_Level_Id) VALUES ('E87210','Gary Boyd','Gary.Boyd@TechCorp.com','2014-04-18',4,3,'E44426','2014-04-18',NULL,2,7);
INSERT INTO Employee(Id, Name_Surname, Email, Hire_Date, Job_Title_Id, Department_Id, Manager_Id, Start_Date, End_Date, Office_Id, Education_Level_Id) VALUES ('E95214','Faheem Ahmed','Faheem.Ahmed@TechCorp.com','2019-09-22',4,3,'E44426','2019-09-22',NULL,5,7);
INSERT INTO Employee(Id, Name_Surname, Email, Hire_Date, Job_Title_Id, Department_Id, Manager_Id, Start_Date, End_Date, Office_Id, Education_Level_Id) VALUES ('E21696','Mallory Russo','Mallory.Russo@TechCorp.com','1997-12-06',4,4,'E77884','1997-12-06',NULL,3,6);
INSERT INTO Employee(Id, Name_Surname, Email, Hire_Date, Job_Title_Id, Department_Id, Manager_Id, Start_Date, End_Date, Office_Id, Education_Level_Id) VALUES ('E60929','Tanya Maheshwari','Tanya.Maheshwari@TechCorp.com','2013-07-03',4,4,'E77884','2013-07-03',NULL,2,6);
INSERT INTO Employee(Id, Name_Surname, Email, Hire_Date, Job_Title_Id, Department_Id, Manager_Id, Start_Date, End_Date, Office_Id, Education_Level_Id) VALUES ('E76053','Darryl Reamer','Darryl.Reamer@TechCorp.com','1998-08-23',4,4,'E77884','1998-08-23',NULL,5,7);
INSERT INTO Employee(Id, Name_Surname, Email, Hire_Date, Job_Title_Id, Department_Id, Manager_Id, Start_Date, End_Date, Office_Id, Education_Level_Id) VALUES ('E43694','Benyam Gizaw','Benyam.Gizaw@TechCorp.com','2016-10-28',4,5,'E88667','2016-10-28',NULL,1,7);
INSERT INTO Employee(Id, Name_Surname, Email, Hire_Date, Job_Title_Id, Department_Id, Manager_Id, Start_Date, End_Date, Office_Id, Education_Level_Id) VALUES ('E71792','Jesse Curiel','Jesse.Curiel@TechCorp.com','2014-03-30',4,5,'E88667','2014-03-30',NULL,2,7);
INSERT INTO Employee(Id, Name_Surname, Email, Hire_Date, Job_Title_Id, Department_Id, Manager_Id, Start_Date, End_Date, Office_Id, Education_Level_Id) VALUES ('E93629','Tracy Emerson','Tracy.Emerson@TechCorp.com','2013-07-22',4,5,'E88667','2013-07-22',NULL,3,7);
INSERT INTO Employee(Id, Name_Surname, Email, Hire_Date, Job_Title_Id, Department_Id, Manager_Id, Start_Date, End_Date, Office_Id, Education_Level_Id) VALUES ('E22197','Oliver Jia','Oliver.Jia@TechCorp.com','2013-09-22',6,3,'E44426','2013-09-22',NULL,4,6);
INSERT INTO Employee(Id, Name_Surname, Email, Hire_Date, Job_Title_Id, Department_Id, Manager_Id, Start_Date, End_Date, Office_Id, Education_Level_Id) VALUES ('E24100','Zondra Peck','Zondra.Peck@TechCorp.com','1997-03-06',6,3,'E44426','1997-03-06',NULL,2,6);
INSERT INTO Employee(Id, Name_Surname, Email, Hire_Date, Job_Title_Id, Department_Id, Manager_Id, Start_Date, End_Date, Office_Id, Education_Level_Id) VALUES ('E26874','Tiffany Harrington','Tiffany.Harrington@TechCorp.com','2015-06-27',6,3,'E44426','2015-06-27',NULL,5,6);
INSERT INTO Employee(Id, Name_Surname, Email, Hire_Date, Job_Title_Id, Department_Id, Manager_Id, Start_Date, End_Date, Office_Id, Education_Level_Id) VALUES ('E34748','Holly Smith','Holly.Smith@TechCorp.com','2011-04-28',6,3,'E44426','2011-04-28',NULL,5,5);
INSERT INTO Employee(Id, Name_Surname, Email, Hire_Date, Job_Title_Id, Department_Id, Manager_Id, Start_Date, End_Date, Office_Id, Education_Level_Id) VALUES ('E36960','Ken Beer','Ken.Beer@TechCorp.com','2008-04-26',6,3,'E44426','2008-04-26',NULL,1,5);
INSERT INTO Employee(Id, Name_Surname, Email, Hire_Date, Job_Title_Id, Department_Id, Manager_Id, Start_Date, End_Date, Office_Id, Education_Level_Id) VALUES ('E48884','Stacey Lewis','Stacey.Lewis@TechCorp.com','2008-06-01',6,3,'E44426','2008-06-01',NULL,2,5);
INSERT INTO Employee(Id, Name_Surname, Email, Hire_Date, Job_Title_Id, Department_Id, Manager_Id, Start_Date, End_Date, Office_Id, Education_Level_Id) VALUES ('E62527','Barry Walsh','Barry.Walsh@TechCorp.com','2006-06-15',6,3,'E44426','2006-06-15',NULL,2,5);
INSERT INTO Employee(Id, Name_Surname, Email, Hire_Date, Job_Title_Id, Department_Id, Manager_Id, Start_Date, End_Date, Office_Id, Education_Level_Id) VALUES ('E62634','Karen Lafler','Karen.Lafler@TechCorp.com','2014-08-19',6,3,'E44426','2014-08-19',NULL,5,3);
INSERT INTO Employee(Id, Name_Surname, Email, Hire_Date, Job_Title_Id, Department_Id, Manager_Id, Start_Date, End_Date, Office_Id, Education_Level_Id) VALUES ('E67793','Fausto Recalde','Fausto.Recalde@TechCorp.com','2018-06-07',6,3,'E44426','2018-06-07',NULL,5,5);
INSERT INTO Employee(Id, Name_Surname, Email, Hire_Date, Job_Title_Id, Department_Id, Manager_Id, Start_Date, End_Date, Office_Id, Education_Level_Id) VALUES ('E79552','Angela Masdary','Angela.Masdary@TechCorp.com','2008-02-05',6,3,'E44426','2008-02-05',NULL,3,5);
INSERT INTO Employee(Id, Name_Surname, Email, Hire_Date, Job_Title_Id, Department_Id, Manager_Id, Start_Date, End_Date, Office_Id, Education_Level_Id) VALUES ('E81369','Kevin Soltis','Kevin.Soltis@TechCorp.com','2019-05-29',6,3,'E44426','2019-05-29',NULL,3,5);
INSERT INTO Employee(Id, Name_Surname, Email, Hire_Date, Job_Title_Id, Department_Id, Manager_Id, Start_Date, End_Date, Office_Id, Education_Level_Id) VALUES ('E83512','Tim Lawler','Tim.Lawler@TechCorp.com','1996-10-22',6,3,'E44426','1996-10-22',NULL,3,5);
INSERT INTO Employee(Id, Name_Surname, Email, Hire_Date, Job_Title_Id, Department_Id, Manager_Id, Start_Date, End_Date, Office_Id, Education_Level_Id) VALUES ('E91075','Micah Vass','Micah.Vass@TechCorp.com','2019-12-15',6,3,'E44426','2019-12-15',NULL,5,3);
INSERT INTO Employee(Id, Name_Surname, Email, Hire_Date, Job_Title_Id, Department_Id, Manager_Id, Start_Date, End_Date, Office_Id, Education_Level_Id) VALUES ('E11678','Colleen Alma','Colleen.Alma@TechCorp.com','2001-12-26',6,4,'E77884','2001-12-26',NULL,4,3);
INSERT INTO Employee(Id, Name_Surname, Email, Hire_Date, Job_Title_Id, Department_Id, Manager_Id, Start_Date, End_Date, Office_Id, Education_Level_Id) VALUES ('E12397','Daniel Matkovic','Daniel.Matkovic@TechCorp.com','2013-11-17',6,4,'E77884','2013-11-17',NULL,4,3);
INSERT INTO Employee(Id, Name_Surname, Email, Hire_Date, Job_Title_Id, Department_Id, Manager_Id, Start_Date, End_Date, Office_Id, Education_Level_Id) VALUES ('E14913','Aaron Gordon ','Aaron.Gordon @TechCorp.com','1998-07-15',6,4,'E77884','1998-07-15',NULL,4,5);
INSERT INTO Employee(Id, Name_Surname, Email, Hire_Date, Job_Title_Id, Department_Id, Manager_Id, Start_Date, End_Date, Office_Id, Education_Level_Id) VALUES ('E23669','Karen Brown','Karen.Brown@TechCorp.com','2017-04-23',6,4,'E77884','2017-04-23',NULL,3,5);
INSERT INTO Employee(Id, Name_Surname, Email, Hire_Date, Job_Title_Id, Department_Id, Manager_Id, Start_Date, End_Date, Office_Id, Education_Level_Id) VALUES ('E30317','Siena Spitzer','Siena.Spitzer@TechCorp.com','2019-01-03',6,4,'E77884','2019-01-03',NULL,5,5);
INSERT INTO Employee(Id, Name_Surname, Email, Hire_Date, Job_Title_Id, Department_Id, Manager_Id, Start_Date, End_Date, Office_Id, Education_Level_Id) VALUES ('E47926','Janice Canterbury','Janice.Canterbury@TechCorp.com','2008-05-31',6,4,'E77884','2008-05-31',NULL,3,5);
INSERT INTO Employee(Id, Name_Surname, Email, Hire_Date, Job_Title_Id, Department_Id, Manager_Id, Start_Date, End_Date, Office_Id, Education_Level_Id) VALUES ('E66477','Dakeem Coleman','Dakeem.Coleman@TechCorp.com','2018-05-08',6,4,'E77884','2018-05-08',NULL,2,6);
INSERT INTO Employee(Id, Name_Surname, Email, Hire_Date, Job_Title_Id, Department_Id, Manager_Id, Start_Date, End_Date, Office_Id, Education_Level_Id) VALUES ('E80744','Ginger Logan','Ginger.Logan@TechCorp.com','2020-01-09',6,4,'E77884','2020-01-09',NULL,1,6);
INSERT INTO Employee(Id, Name_Surname, Email, Hire_Date, Job_Title_Id, Department_Id, Manager_Id, Start_Date, End_Date, Office_Id, Education_Level_Id) VALUES ('E10407','Darshan Rathod','Darshan.Rathod@TechCorp.com','2018-10-08',8,4,'E77884','2018-10-08',NULL,4,5);
INSERT INTO Employee(Id, Name_Surname, Email, Hire_Date, Job_Title_Id, Department_Id, Manager_Id, Start_Date, End_Date, Office_Id, Education_Level_Id) VALUES ('E13596','Kenneth Dewitt','Kenneth.Dewitt@TechCorp.com','2012-04-09',8,4,'E77884','2012-04-09',NULL,4,5);
INSERT INTO Employee(Id, Name_Surname, Email, Hire_Date, Job_Title_Id, Department_Id, Manager_Id, Start_Date, End_Date, Office_Id, Education_Level_Id) VALUES ('E16995','Wilson Martinez','Wilson.Martinez@TechCorp.com','2001-02-28',8,4,'E77884','2001-02-28',NULL,4,5);
INSERT INTO Employee(Id, Name_Surname, Email, Hire_Date, Job_Title_Id, Department_Id, Manager_Id, Start_Date, End_Date, Office_Id, Education_Level_Id) VALUES ('E22680','Cassidy Bancroft','Cassidy.Bancroft@TechCorp.com','2013-10-26',8,4,'E77884','2013-10-26',NULL,3,5);
INSERT INTO Employee(Id, Name_Surname, Email, Hire_Date, Job_Title_Id, Department_Id, Manager_Id, Start_Date, End_Date, Office_Id, Education_Level_Id) VALUES ('E23429','Andrew Yoon','Andrew.Yoon@TechCorp.com','2018-11-14',8,4,'E77884','2018-11-14',NULL,3,3);
INSERT INTO Employee(Id, Name_Surname, Email, Hire_Date, Job_Title_Id, Department_Id, Manager_Id, Start_Date, End_Date, Office_Id, Education_Level_Id) VALUES ('E25662','Doug Tomson','Doug.Tomson@TechCorp.com','1995-06-22',8,4,'E77884','1995-06-22',NULL,3,5);
INSERT INTO Employee(Id, Name_Surname, Email, Hire_Date, Job_Title_Id, Department_Id, Manager_Id, Start_Date, End_Date, Office_Id, Education_Level_Id) VALUES ('E28092','Tuan Yang','Tuan.Yang@TechCorp.com','2008-11-01',8,4,'E77884','2008-11-01',NULL,1,5);
INSERT INTO Employee(Id, Name_Surname, Email, Hire_Date, Job_Title_Id, Department_Id, Manager_Id, Start_Date, End_Date, Office_Id, Education_Level_Id) VALUES ('E28638','Marie Dumadara','Marie.Dumadara@TechCorp.com','2004-06-02',8,4,'E77884','2004-06-02',NULL,2,5);
INSERT INTO Employee(Id, Name_Surname, Email, Hire_Date, Job_Title_Id, Department_Id, Manager_Id, Start_Date, End_Date, Office_Id, Education_Level_Id) VALUES ('E30058','Bertin Dakouo','Bertin.Dakouo@TechCorp.com','2013-09-24',8,4,'E77884','2013-09-24',NULL,2,5);
INSERT INTO Employee(Id, Name_Surname, Email, Hire_Date, Job_Title_Id, Department_Id, Manager_Id, Start_Date, End_Date, Office_Id, Education_Level_Id) VALUES ('E30678','Jody Hopkins','Jody.Hopkins@TechCorp.com','2020-05-02',8,4,'E77884','2020-05-02',NULL,5,6);
INSERT INTO Employee(Id, Name_Surname, Email, Hire_Date, Job_Title_Id, Department_Id, Manager_Id, Start_Date, End_Date, Office_Id, Education_Level_Id) VALUES ('E31241','Laura House','Laura.House@TechCorp.com','2014-05-10',8,4,'E77884','2014-05-10',NULL,5,3);
INSERT INTO Employee(Id, Name_Surname, Email, Hire_Date, Job_Title_Id, Department_Id, Manager_Id, Start_Date, End_Date, Office_Id, Education_Level_Id) VALUES ('E32058','Curtis Gibson','Curtis.Gibson@TechCorp.com','2009-01-19',8,4,'E77884','2009-01-19',NULL,5,5);
INSERT INTO Employee(Id, Name_Surname, Email, Hire_Date, Job_Title_Id, Department_Id, Manager_Id, Start_Date, End_Date, Office_Id, Education_Level_Id) VALUES ('E34816','Roseann Martineeti','Roseann.Martineeti@TechCorp.com','2000-08-01',8,4,'E77884','2000-08-01',NULL,3,5);
INSERT INTO Employee(Id, Name_Surname, Email, Hire_Date, Job_Title_Id, Department_Id, Manager_Id, Start_Date, End_Date, Office_Id, Education_Level_Id) VALUES ('E35860','Vivian Kovach','Vivian.Kovach@TechCorp.com','1999-08-18',8,4,'E77884','1999-08-18',NULL,3,5);
INSERT INTO Employee(Id, Name_Surname, Email, Hire_Date, Job_Title_Id, Department_Id, Manager_Id, Start_Date, End_Date, Office_Id, Education_Level_Id) VALUES ('E39652','Kyle Guilmartin','Kyle.Guilmartin@TechCorp.com','2012-08-11',8,4,'E77884','2012-08-11',NULL,3,5);
INSERT INTO Employee(Id, Name_Surname, Email, Hire_Date, Job_Title_Id, Department_Id, Manager_Id, Start_Date, End_Date, Office_Id, Education_Level_Id) VALUES ('E42681','James Henderson','James.Henderson@TechCorp.com','1996-04-09',8,4,'E77884','1996-04-09',NULL,3,6);
INSERT INTO Employee(Id, Name_Surname, Email, Hire_Date, Job_Title_Id, Department_Id, Manager_Id, Start_Date, End_Date, Office_Id, Education_Level_Id) VALUES ('E46366','Johnathan Wayman','Johnathan.Wayman@TechCorp.com','2004-10-16',8,4,'E77884','2004-10-16',NULL,3,3);
INSERT INTO Employee(Id, Name_Surname, Email, Hire_Date, Job_Title_Id, Department_Id, Manager_Id, Start_Date, End_Date, Office_Id, Education_Level_Id) VALUES ('E49798','Greg Stirton','Greg.Stirton@TechCorp.com','1998-01-09',8,4,'E77884','1998-01-09',NULL,3,5);
INSERT INTO Employee(Id, Name_Surname, Email, Hire_Date, Job_Title_Id, Department_Id, Manager_Id, Start_Date, End_Date, Office_Id, Education_Level_Id) VALUES ('E54196','Phil  Wisneski','Phil .Wisneski@TechCorp.com','2004-12-18',8,4,'E77884','2004-12-18',NULL,1,5);
INSERT INTO Employee(Id, Name_Surname, Email, Hire_Date, Job_Title_Id, Department_Id, Manager_Id, Start_Date, End_Date, Office_Id, Education_Level_Id) VALUES ('E57502','Frank Debanco','Frank.Debanco@TechCorp.com','2016-07-21',8,4,'E77884','2016-07-21',NULL,1,5);
INSERT INTO Employee(Id, Name_Surname, Email, Hire_Date, Job_Title_Id, Department_Id, Manager_Id, Start_Date, End_Date, Office_Id, Education_Level_Id) VALUES ('E63930','Sonali Baidya','Sonali.Baidya@TechCorp.com','2009-02-25',8,4,'E77884','2009-02-25',NULL,2,5);
INSERT INTO Employee(Id, Name_Surname, Email, Hire_Date, Job_Title_Id, Department_Id, Manager_Id, Start_Date, End_Date, Office_Id, Education_Level_Id) VALUES ('E67190','Nathan Hile ','Nathan.Hile @TechCorp.com','2007-07-24',8,4,'E77884','2007-07-24',NULL,5,6);
INSERT INTO Employee(Id, Name_Surname, Email, Hire_Date, Job_Title_Id, Department_Id, Manager_Id, Start_Date, End_Date, Office_Id, Education_Level_Id) VALUES ('E87073','Yuesef Hosni','Yuesef.Hosni@TechCorp.com','2007-01-02',8,4,'E77884','2007-01-02',NULL,3,3);
INSERT INTO Employee(Id, Name_Surname, Email, Hire_Date, Job_Title_Id, Department_Id, Manager_Id, Start_Date, End_Date, Office_Id, Education_Level_Id) VALUES ('E91182','Nick Gowen','Nick.Gowen@TechCorp.com','2013-05-18',8,4,'E77884','2013-05-18',NULL,3,5);
INSERT INTO Employee(Id, Name_Surname, Email, Hire_Date, Job_Title_Id, Department_Id, Manager_Id, Start_Date, End_Date, Office_Id, Education_Level_Id) VALUES ('E93734','Melissa DeMaio','Melissa.DeMaio@TechCorp.com','2005-06-21',8,4,'E77884','2005-06-21',NULL,3,5);
INSERT INTO Employee(Id, Name_Surname, Email, Hire_Date, Job_Title_Id, Department_Id, Manager_Id, Start_Date, End_Date, Office_Id, Education_Level_Id) VALUES ('E93871','Travis Black','Travis.Black@TechCorp.com','2002-04-30',8,4,'E77884','2002-04-30',NULL,4,5);
INSERT INTO Employee(Id, Name_Surname, Email, Hire_Date, Job_Title_Id, Department_Id, Manager_Id, Start_Date, End_Date, Office_Id, Education_Level_Id) VALUES ('E94387','Erica Davis','Erica.Davis@TechCorp.com','2003-07-25',8,4,'E77884','2003-07-25',NULL,4,5);
INSERT INTO Employee(Id, Name_Surname, Email, Hire_Date, Job_Title_Id, Department_Id, Manager_Id, Start_Date, End_Date, Office_Id, Education_Level_Id) VALUES ('E95199','Carlos Fernandes','Carlos.Fernandes@TechCorp.com','2017-01-09',8,4,'E77884','2017-01-09',NULL,4,6);
INSERT INTO Employee(Id, Name_Surname, Email, Hire_Date, Job_Title_Id, Department_Id, Manager_Id, Start_Date, End_Date, Office_Id, Education_Level_Id) VALUES ('E97273','Justin Hayes','Justin.Hayes@TechCorp.com','2004-06-05',8,4,'E77884','2004-06-05',NULL,4,5);
INSERT INTO Employee(Id, Name_Surname, Email, Hire_Date, Job_Title_Id, Department_Id, Manager_Id, Start_Date, End_Date, Office_Id, Education_Level_Id) VALUES ('E11920','Sharon Gillies','Sharon.Gillies@TechCorp.com','2006-06-19',8,5,'E88667','2006-06-19',NULL,4,5);
INSERT INTO Employee(Id, Name_Surname, Email, Hire_Date, Job_Title_Id, Department_Id, Manager_Id, Start_Date, End_Date, Office_Id, Education_Level_Id) VALUES ('E16276','Analyn Braza','Analyn.Braza@TechCorp.com','1996-03-07',8,5,'E88667','1996-03-07',NULL,4,5);
INSERT INTO Employee(Id, Name_Surname, Email, Hire_Date, Job_Title_Id, Department_Id, Manager_Id, Start_Date, End_Date, Office_Id, Education_Level_Id) VALUES ('E17372','Greg Pratt','Greg.Pratt@TechCorp.com','2009-06-08',8,5,'E88667','2009-06-08',NULL,4,5);
INSERT INTO Employee(Id, Name_Surname, Email, Hire_Date, Job_Title_Id, Department_Id, Manager_Id, Start_Date, End_Date, Office_Id, Education_Level_Id) VALUES ('E20101','Zoey Bulter','Zoey.Bulter@TechCorp.com','2012-12-03',8,5,'E88667','2012-12-03',NULL,4,5);
INSERT INTO Employee(Id, Name_Surname, Email, Hire_Date, Job_Title_Id, Department_Id, Manager_Id, Start_Date, End_Date, Office_Id, Education_Level_Id) VALUES ('E22785','Tami Smith','Tami.Smith@TechCorp.com','1997-12-08',8,5,'E88667','1997-12-08',NULL,4,6);
INSERT INTO Employee(Id, Name_Surname, Email, Hire_Date, Job_Title_Id, Department_Id, Manager_Id, Start_Date, End_Date, Office_Id, Education_Level_Id) VALUES ('E24539','Grace Messinger','Grace.Messinger@TechCorp.com','2004-12-12',8,5,'E88667','2004-12-12',NULL,4,5);
INSERT INTO Employee(Id, Name_Surname, Email, Hire_Date, Job_Title_Id, Department_Id, Manager_Id, Start_Date, End_Date, Office_Id, Education_Level_Id) VALUES ('E27267','Preston Lilly','Preston.Lilly@TechCorp.com','2010-08-29',8,5,'E88667','2010-08-29',NULL,4,5);
INSERT INTO Employee(Id, Name_Surname, Email, Hire_Date, Job_Title_Id, Department_Id, Manager_Id, Start_Date, End_Date, Office_Id, Education_Level_Id) VALUES ('E29129','Belinda Van Loon','Belinda.Van Loon@TechCorp.com','2007-12-03',8,5,'E88667','2007-12-03',NULL,4,5);
INSERT INTO Employee(Id, Name_Surname, Email, Hire_Date, Job_Title_Id, Department_Id, Manager_Id, Start_Date, End_Date, Office_Id, Education_Level_Id) VALUES ('E32359','Jen  Frangias','Jen .Frangias@TechCorp.com','2019-03-24',8,5,'E88667','2019-03-24',NULL,4,5);
INSERT INTO Employee(Id, Name_Surname, Email, Hire_Date, Job_Title_Id, Department_Id, Manager_Id, Start_Date, End_Date, Office_Id, Education_Level_Id) VALUES ('E36346','Tyrone Curtis','Tyrone.Curtis@TechCorp.com','1999-06-22',8,5,'E88667','1999-06-22',NULL,4,5);
INSERT INTO Employee(Id, Name_Surname, Email, Hire_Date, Job_Title_Id, Department_Id, Manager_Id, Start_Date, End_Date, Office_Id, Education_Level_Id) VALUES ('E37389','Becky Weaver','Becky.Weaver@TechCorp.com','1996-12-08',8,5,'E88667','1996-12-08',NULL,4,6);
INSERT INTO Employee(Id, Name_Surname, Email, Hire_Date, Job_Title_Id, Department_Id, Manager_Id, Start_Date, End_Date, Office_Id, Education_Level_Id) VALUES ('E38997','Roseann Clemente','Roseann.Clemente@TechCorp.com','2007-09-21',8,5,'E88667','2007-09-21',NULL,4,5);
INSERT INTO Employee(Id, Name_Surname, Email, Hire_Date, Job_Title_Id, Department_Id, Manager_Id, Start_Date, End_Date, Office_Id, Education_Level_Id) VALUES ('E42061','Diana Teppen','Diana.Teppen@TechCorp.com','2013-11-04',8,5,'E88667','2013-11-04',NULL,1,5);
INSERT INTO Employee(Id, Name_Surname, Email, Hire_Date, Job_Title_Id, Department_Id, Manager_Id, Start_Date, End_Date, Office_Id, Education_Level_Id) VALUES ('E44136','Erica Siegal','Erica.Siegal@TechCorp.com','2002-01-09',8,5,'E88667','2002-01-09',NULL,1,5);
INSERT INTO Employee(Id, Name_Surname, Email, Hire_Date, Job_Title_Id, Department_Id, Manager_Id, Start_Date, End_Date, Office_Id, Education_Level_Id) VALUES ('E45236','Patti Hoeg','Patti.Hoeg@TechCorp.com','2008-05-29',8,5,'E88667','2008-05-29',NULL,3,5);
INSERT INTO Employee(Id, Name_Surname, Email, Hire_Date, Job_Title_Id, Department_Id, Manager_Id, Start_Date, End_Date, Office_Id, Education_Level_Id) VALUES ('E52461','Lena Thorton','Lena.Thorton@TechCorp.com','2014-11-11',8,5,'E88667','2014-11-11',NULL,3,5);
INSERT INTO Employee(Id, Name_Surname, Email, Hire_Date, Job_Title_Id, Department_Id, Manager_Id, Start_Date, End_Date, Office_Id, Education_Level_Id) VALUES ('E55855','Parker Williams','Parker.Williams@TechCorp.com','2018-05-20',8,5,'E88667','2018-05-20',NULL,3,6);
INSERT INTO Employee(Id, Name_Surname, Email, Hire_Date, Job_Title_Id, Department_Id, Manager_Id, Start_Date, End_Date, Office_Id, Education_Level_Id) VALUES ('E56444','Curtis Steward','Curtis.Steward@TechCorp.com','1999-06-10',8,5,'E88667','1999-06-10',NULL,3,6);
INSERT INTO Employee(Id, Name_Surname, Email, Hire_Date, Job_Title_Id, Department_Id, Manager_Id, Start_Date, End_Date, Office_Id, Education_Level_Id) VALUES ('E60901','Samantha Kramer','Samantha.Kramer@TechCorp.com','2010-01-10',8,5,'E88667','2010-01-10',NULL,3,6);
INSERT INTO Employee(Id, Name_Surname, Email, Hire_Date, Job_Title_Id, Department_Id, Manager_Id, Start_Date, End_Date, Office_Id, Education_Level_Id) VALUES ('E61614','Elliot Foley','Elliot.Foley@TechCorp.com','1996-07-21',8,5,'E88667','1996-07-21',NULL,3,6);
INSERT INTO Employee(Id, Name_Surname, Email, Hire_Date, Job_Title_Id, Department_Id, Manager_Id, Start_Date, End_Date, Office_Id, Education_Level_Id) VALUES ('E61947','Charles Wirry','Charles.Wirry@TechCorp.com','2010-03-04',8,5,'E88667','2010-03-04',NULL,2,5);
INSERT INTO Employee(Id, Name_Surname, Email, Hire_Date, Job_Title_Id, Department_Id, Manager_Id, Start_Date, End_Date, Office_Id, Education_Level_Id) VALUES ('E65052','Leobrian Mason','Leobrian.Mason@TechCorp.com','1995-09-15',8,5,'E88667','1995-09-15',NULL,2,5);
INSERT INTO Employee(Id, Name_Surname, Email, Hire_Date, Job_Title_Id, Department_Id, Manager_Id, Start_Date, End_Date, Office_Id, Education_Level_Id) VALUES ('E68807','Wes Tappan','Wes.Tappan@TechCorp.com','2010-11-10',8,5,'E88667','2010-11-10',NULL,2,5);
INSERT INTO Employee(Id, Name_Surname, Email, Hire_Date, Job_Title_Id, Department_Id, Manager_Id, Start_Date, End_Date, Office_Id, Education_Level_Id) VALUES ('E70374','Norman Guerrero','Norman.Guerrero@TechCorp.com','2007-08-19',8,5,'E88667','2007-08-19',NULL,2,5);
INSERT INTO Employee(Id, Name_Surname, Email, Hire_Date, Job_Title_Id, Department_Id, Manager_Id, Start_Date, End_Date, Office_Id, Education_Level_Id) VALUES ('E70603','Soek Sohn','Soek.Sohn@TechCorp.com','2006-07-06',8,5,'E88667','2006-07-06',NULL,2,5);
INSERT INTO Employee(Id, Name_Surname, Email, Hire_Date, Job_Title_Id, Department_Id, Manager_Id, Start_Date, End_Date, Office_Id, Education_Level_Id) VALUES ('E72436','Eileen Chuss','Eileen.Chuss@TechCorp.com','2013-05-11',8,5,'E88667','2013-05-11',NULL,5,5);
INSERT INTO Employee(Id, Name_Surname, Email, Hire_Date, Job_Title_Id, Department_Id, Manager_Id, Start_Date, End_Date, Office_Id, Education_Level_Id) VALUES ('E74490','Alejandro Scannapieco','Alejandro.Scannapieco@TechCorp.com','1999-05-22',8,5,'E88667','1999-05-22',NULL,5,5);
INSERT INTO Employee(Id, Name_Surname, Email, Hire_Date, Job_Title_Id, Department_Id, Manager_Id, Start_Date, End_Date, Office_Id, Education_Level_Id) VALUES ('E87230','Sara Erwin','Sara.Erwin@TechCorp.com','2014-11-10',8,5,'E88667','2014-11-10',NULL,5,5);
INSERT INTO Employee(Id, Name_Surname, Email, Hire_Date, Job_Title_Id, Department_Id, Manager_Id, Start_Date, End_Date, Office_Id, Education_Level_Id) VALUES ('E87370','Misha Tsidulko','Misha.Tsidulko@TechCorp.com','2013-11-18',8,5,'E88667','2013-11-18',NULL,1,5);
INSERT INTO Employee(Id, Name_Surname, Email, Hire_Date, Job_Title_Id, Department_Id, Manager_Id, Start_Date, End_Date, Office_Id, Education_Level_Id) VALUES ('E88864','Susan Woodruff','Susan.Woodruff@TechCorp.com','2008-11-15',8,5,'E88667','2008-11-15',NULL,1,5);
INSERT INTO Employee(Id, Name_Surname, Email, Hire_Date, Job_Title_Id, Department_Id, Manager_Id, Start_Date, End_Date, Office_Id, Education_Level_Id) VALUES ('E90222','Yawer Ali','Yawer.Ali@TechCorp.com','2016-11-01',8,5,'E88667','2016-11-01',NULL,3,5);
INSERT INTO Employee(Id, Name_Surname, Email, Hire_Date, Job_Title_Id, Department_Id, Manager_Id, Start_Date, End_Date, Office_Id, Education_Level_Id) VALUES ('E93715','Charles Barker','Charles.Barker@TechCorp.com','1998-04-29',8,5,'E88667','1998-04-29',NULL,3,5);
INSERT INTO Employee(Id, Name_Surname, Email, Hire_Date, Job_Title_Id, Department_Id, Manager_Id, Start_Date, End_Date, Office_Id, Education_Level_Id) VALUES ('E98559','Max Yish','Max.Yish@TechCorp.com','2006-11-11',8,5,'E88667','2006-11-11',NULL,3,5);
INSERT INTO Employee(Id, Name_Surname, Email, Hire_Date, Job_Title_Id, Department_Id, Manager_Id, Start_Date, End_Date, Office_Id, Education_Level_Id) VALUES ('E13085','Susan Cole ','Susan.Cole @TechCorp.com','2017-05-01',9,1,'E63041','2017-05-01',NULL,3,5);
INSERT INTO Employee(Id, Name_Surname, Email, Hire_Date, Job_Title_Id, Department_Id, Manager_Id, Start_Date, End_Date, Office_Id, Education_Level_Id) VALUES ('E14737','Juan Cosme','Juan.Cosme@TechCorp.com','2012-07-22',9,1,'E63041','2012-07-22',NULL,3,6);
INSERT INTO Employee(Id, Name_Surname, Email, Hire_Date, Job_Title_Id, Department_Id, Manager_Id, Start_Date, End_Date, Office_Id, Education_Level_Id) VALUES ('E15267','Shanteel Jackson','Shanteel.Jackson@TechCorp.com','1998-02-22',9,1,'E63041','1998-02-22',NULL,3,1);
INSERT INTO Employee(Id, Name_Surname, Email, Hire_Date, Job_Title_Id, Department_Id, Manager_Id, Start_Date, End_Date, Office_Id, Education_Level_Id) VALUES ('E31931','Leo Manhanga','Leo.Manhanga@TechCorp.com','2013-09-26',9,1,'E63041','2013-09-26',NULL,2,2);
INSERT INTO Employee(Id, Name_Surname, Email, Hire_Date, Job_Title_Id, Department_Id, Manager_Id, Start_Date, End_Date, Office_Id, Education_Level_Id) VALUES ('E36988','Michelle Zietz','Michelle.Zietz@TechCorp.com','2015-10-31',9,1,'E63041','2015-10-31',NULL,2,3);
INSERT INTO Employee(Id, Name_Surname, Email, Hire_Date, Job_Title_Id, Department_Id, Manager_Id, Start_Date, End_Date, Office_Id, Education_Level_Id) VALUES ('E45405','Prashant Sharma','Prashant.Sharma@TechCorp.com','2000-09-06',9,1,'E63041','2000-09-06',NULL,3,1);
INSERT INTO Employee(Id, Name_Surname, Email, Hire_Date, Job_Title_Id, Department_Id, Manager_Id, Start_Date, End_Date, Office_Id, Education_Level_Id) VALUES ('E49459','Courtney Newman','Courtney.Newman@TechCorp.com','2020-03-28',9,1,'E63041','2020-03-28',NULL,3,2);
INSERT INTO Employee(Id, Name_Surname, Email, Hire_Date, Job_Title_Id, Department_Id, Manager_Id, Start_Date, End_Date, Office_Id, Education_Level_Id) VALUES ('E52489','Kelly Price','Kelly.Price@TechCorp.com','2002-12-05',9,1,'E63041','2002-12-05',NULL,3,3);
INSERT INTO Employee(Id, Name_Surname, Email, Hire_Date, Job_Title_Id, Department_Id, Manager_Id, Start_Date, End_Date, Office_Id, Education_Level_Id) VALUES ('E53895','Kumar Durairaj','Kumar.Durairaj@TechCorp.com','2014-10-27',9,1,'E63041','2014-10-27',NULL,1,1);
INSERT INTO Employee(Id, Name_Surname, Email, Hire_Date, Job_Title_Id, Department_Id, Manager_Id, Start_Date, End_Date, Office_Id, Education_Level_Id) VALUES ('E55880','Alex Warring','Alex.Warring@TechCorp.com','1995-07-18',9,1,'E63041','1995-07-18',NULL,1,2);
INSERT INTO Employee(Id, Name_Surname, Email, Hire_Date, Job_Title_Id, Department_Id, Manager_Id, Start_Date, End_Date, Office_Id, Education_Level_Id) VALUES ('E69297','Nilden Tutalar','Nilden.Tutalar@TechCorp.com','2013-03-21',9,1,'E63041','2013-03-21',NULL,1,3);
INSERT INTO Employee(Id, Name_Surname, Email, Hire_Date, Job_Title_Id, Department_Id, Manager_Id, Start_Date, End_Date, Office_Id, Education_Level_Id) VALUES ('E71128','Stan Frank','Stan.Frank@TechCorp.com','1998-01-28',9,1,'E63041','1998-01-28',NULL,5,1);
INSERT INTO Employee(Id, Name_Surname, Email, Hire_Date, Job_Title_Id, Department_Id, Manager_Id, Start_Date, End_Date, Office_Id, Education_Level_Id) VALUES ('E86238','Raymond Dorset','Raymond.Dorset@TechCorp.com','2012-04-21',9,1,'E63041','2012-04-21',NULL,5,2);
INSERT INTO Employee(Id, Name_Surname, Email, Hire_Date, Job_Title_Id, Department_Id, Manager_Id, Start_Date, End_Date, Office_Id, Education_Level_Id) VALUES ('E90435','Russell Morales','Russell.Morales@TechCorp.com','2017-02-20',9,1,'E63041','2017-02-20',NULL,5,3);
INSERT INTO Employee(Id, Name_Surname, Email, Hire_Date, Job_Title_Id, Department_Id, Manager_Id, Start_Date, End_Date, Office_Id, Education_Level_Id) VALUES ('E95190','Christina Roth','Christina.Roth@TechCorp.com','2016-04-26',9,1,'E63041','2016-04-26',NULL,5,5);
INSERT INTO Employee(Id, Name_Surname, Email, Hire_Date, Job_Title_Id, Department_Id, Manager_Id, Start_Date, End_Date, Office_Id, Education_Level_Id) VALUES ('E15292','Melinda Fisher','Melinda.Fisher@TechCorp.com','2011-02-06',10,3,'E44426','2011-02-06',NULL,4,5);
INSERT INTO Employee(Id, Name_Surname, Email, Hire_Date, Job_Title_Id, Department_Id, Manager_Id, Start_Date, End_Date, Office_Id, Education_Level_Id) VALUES ('E20848','Edward Eslser','Edward.Eslser@TechCorp.com','2006-07-26',10,3,'E44426','2006-07-26',NULL,4,5);
INSERT INTO Employee(Id, Name_Surname, Email, Hire_Date, Job_Title_Id, Department_Id, Manager_Id, Start_Date, End_Date, Office_Id, Education_Level_Id) VALUES ('E23295','Lori Scatchard','Lori.Scatchard@TechCorp.com','2004-05-08',10,3,'E44426','2004-05-08',NULL,2,6);
INSERT INTO Employee(Id, Name_Surname, Email, Hire_Date, Job_Title_Id, Department_Id, Manager_Id, Start_Date, End_Date, Office_Id, Education_Level_Id) VALUES ('E23590','Dennis Wooten','Dennis.Wooten@TechCorp.com','2013-04-06',10,3,'E44426','2013-04-06',NULL,2,6);
INSERT INTO Employee(Id, Name_Surname, Email, Hire_Date, Job_Title_Id, Department_Id, Manager_Id, Start_Date, End_Date, Office_Id, Education_Level_Id) VALUES ('E35856','Beth Sepkowski','Beth.Sepkowski@TechCorp.com','2017-05-03',10,3,'E44426','2017-05-03',NULL,1,6);
INSERT INTO Employee(Id, Name_Surname, Email, Hire_Date, Job_Title_Id, Department_Id, Manager_Id, Start_Date, End_Date, Office_Id, Education_Level_Id) VALUES ('E40432','April Briggs','April.Briggs@TechCorp.com','2010-01-30',10,3,'E44426','2010-01-30',NULL,3,6);
INSERT INTO Employee(Id, Name_Surname, Email, Hire_Date, Job_Title_Id, Department_Id, Manager_Id, Start_Date, End_Date, Office_Id, Education_Level_Id) VALUES ('E64494','Patricia DuBois','Patricia.DuBois@TechCorp.com','2007-05-11',10,3,'E44426','2007-05-11',NULL,5,7);
INSERT INTO Employee(Id, Name_Surname, Email, Hire_Date, Job_Title_Id, Department_Id, Manager_Id, Start_Date, End_Date, Office_Id, Education_Level_Id) VALUES ('E64920','Mary Wesson','Mary.Wesson@TechCorp.com','2019-05-11',10,3,'E44426','2019-05-11',NULL,5,7);
INSERT INTO Employee(Id, Name_Surname, Email, Hire_Date, Job_Title_Id, Department_Id, Manager_Id, Start_Date, End_Date, Office_Id, Education_Level_Id) VALUES ('E75344','Michael Kapper','Michael.Kapper@TechCorp.com','2009-03-20',10,3,'E44426','2009-03-20',NULL,5,8);
INSERT INTO Employee(Id, Name_Surname, Email, Hire_Date, Job_Title_Id, Department_Id, Manager_Id, Start_Date, End_Date, Office_Id, Education_Level_Id) VALUES ('E82137','Arup Das','Arup.Das@TechCorp.com','2006-10-04',10,3,'E44426','2006-10-04',NULL,3,8);
INSERT INTO Employee(Id, Name_Surname, Email, Hire_Date, Job_Title_Id, Department_Id, Manager_Id, Start_Date, End_Date, Office_Id, Education_Level_Id) VALUES ('E84122','Congkhanh Nguyen','Congkhanh.Nguyen@TechCorp.com','2017-10-28',10,3,'E44426','2017-10-28',NULL,1,5);
INSERT INTO Employee(Id, Name_Surname, Email, Hire_Date, Job_Title_Id, Department_Id, Manager_Id, Start_Date, End_Date, Office_Id, Education_Level_Id) VALUES ('E85640','Tara Madison','Tara.Madison@TechCorp.com','2001-02-03',10,3,'E44426','2001-02-03',NULL,1,5);
INSERT INTO Employee(Id, Name_Surname, Email, Hire_Date, Job_Title_Id, Department_Id, Manager_Id, Start_Date, End_Date, Office_Id, Education_Level_Id) VALUES ('E90439','Janice McQueen','Janice.McQueen@TechCorp.com','2000-07-23',10,3,'E44426','2000-07-23',NULL,2,5);
INSERT INTO Employee(Id, Name_Surname, Email, Hire_Date, Job_Title_Id, Department_Id, Manager_Id, Start_Date, End_Date, Office_Id, Education_Level_Id) VALUES ('E90990','Tammy Tieman','Tammy.Tieman@TechCorp.com','2014-11-16',10,3,'E44426','2014-11-16',NULL,2,6);
INSERT INTO Employee(Id, Name_Surname, Email, Hire_Date, Job_Title_Id, Department_Id, Manager_Id, Start_Date, End_Date, Office_Id, Education_Level_Id) VALUES ('E94552','Geraldine Staler','Geraldine.Staler@TechCorp.com','2013-10-31',10,3,'E44426','2013-10-31',NULL,5,6);
INSERT INTO Employee(Id, Name_Surname, Email, Hire_Date, Job_Title_Id, Department_Id, Manager_Id, Start_Date, End_Date, Office_Id, Education_Level_Id) VALUES ('E96966','Lu Huang','Lu.Huang@TechCorp.com','2014-12-19',10,3,'E44426','2014-12-19',NULL,5,5);
INSERT INTO Employee(Id, Name_Surname, Email, Hire_Date, Job_Title_Id, Department_Id, Manager_Id, Start_Date, End_Date, Office_Id, Education_Level_Id) VALUES ('E97018','Jamie Foskett','Jamie.Foskett@TechCorp.com','2000-09-08',10,3,'E44426','2000-09-08',NULL,4,5);
INSERT INTO Employee(Id, Name_Surname, Email, Hire_Date, Job_Title_Id, Department_Id, Manager_Id, Start_Date, End_Date, Office_Id, Education_Level_Id) VALUES ('E10033','Jermaine Massey','Jermaine.Massey@TechCorp.com','2016-03-07',10,4,'E77884','2016-03-07',NULL,4,5);
INSERT INTO Employee(Id, Name_Surname, Email, Hire_Date, Job_Title_Id, Department_Id, Manager_Id, Start_Date, End_Date, Office_Id, Education_Level_Id) VALUES ('E12890','Robert Brown','Robert.Brown@TechCorp.com','2010-06-06',10,4,'E77884','2010-06-06',NULL,4,6);
INSERT INTO Employee(Id, Name_Surname, Email, Hire_Date, Job_Title_Id, Department_Id, Manager_Id, Start_Date, End_Date, Office_Id, Education_Level_Id) VALUES ('E18659','Arnold Hanson','Arnold.Hanson@TechCorp.com','2008-01-27',10,4,'E77884','2008-01-27',NULL,4,6);
INSERT INTO Employee(Id, Name_Surname, Email, Hire_Date, Job_Title_Id, Department_Id, Manager_Id, Start_Date, End_Date, Office_Id, Education_Level_Id) VALUES ('E21348','Nital Thaker','Nital.Thaker@TechCorp.com','2016-09-28',10,4,'E77884','2016-09-28',NULL,4,5);
INSERT INTO Employee(Id, Name_Surname, Email, Hire_Date, Job_Title_Id, Department_Id, Manager_Id, Start_Date, End_Date, Office_Id, Education_Level_Id) VALUES ('E25144','Chandi Bhandari','Chandi.Bhandari@TechCorp.com','2007-10-25',10,4,'E77884','2007-10-25',NULL,3,5);
INSERT INTO Employee(Id, Name_Surname, Email, Hire_Date, Job_Title_Id, Department_Id, Manager_Id, Start_Date, End_Date, Office_Id, Education_Level_Id) VALUES ('E26322','Raisa Paulson','Raisa.Paulson@TechCorp.com','2010-10-20',10,4,'E77884','2010-10-20',NULL,1,5);
INSERT INTO Employee(Id, Name_Surname, Email, Hire_Date, Job_Title_Id, Department_Id, Manager_Id, Start_Date, End_Date, Office_Id, Education_Level_Id) VALUES ('E29652','Jennifer Westin','Jennifer.Westin@TechCorp.com','2007-06-14',10,4,'E77884','2007-06-14',NULL,2,6);
INSERT INTO Employee(Id, Name_Surname, Email, Hire_Date, Job_Title_Id, Department_Id, Manager_Id, Start_Date, End_Date, Office_Id, Education_Level_Id) VALUES ('E38959','Ludovic Bocken','Ludovic.Bocken@TechCorp.com','2006-09-16',10,4,'E77884','2006-09-16',NULL,3,6);
INSERT INTO Employee(Id, Name_Surname, Email, Hire_Date, Job_Title_Id, Department_Id, Manager_Id, Start_Date, End_Date, Office_Id, Education_Level_Id) VALUES ('E62100','Victoria Pruitt','Victoria.Pruitt@TechCorp.com','2000-02-15',10,4,'E77884','2000-02-15',NULL,2,5);
INSERT INTO Employee(Id, Name_Surname, Email, Hire_Date, Job_Title_Id, Department_Id, Manager_Id, Start_Date, End_Date, Office_Id, Education_Level_Id) VALUES ('E63937','Rachael Anderson','Rachael.Anderson@TechCorp.com','2014-07-15',10,4,'E77884','2014-07-15',NULL,2,5);
INSERT INTO Employee(Id, Name_Surname, Email, Hire_Date, Job_Title_Id, Department_Id, Manager_Id, Start_Date, End_Date, Office_Id, Education_Level_Id) VALUES ('E87822','Anil Padala','Anil.Padala@TechCorp.com','2014-04-02',10,4,'E77884','2014-04-02',NULL,3,5);
INSERT INTO Employee(Id, Name_Surname, Email, Hire_Date, Job_Title_Id, Department_Id, Manager_Id, Start_Date, End_Date, Office_Id, Education_Level_Id) VALUES ('E13160','Eric  Baxter','Eric .Baxter@TechCorp.com','2008-10-06',6,4,'E77884','2004-07-06','2008-10-05',4,3);
INSERT INTO Employee(Id, Name_Surname, Email, Hire_Date, Job_Title_Id, Department_Id, Manager_Id, Start_Date, End_Date, Office_Id, Education_Level_Id) VALUES ('E16678','Abby Lockhart','Abby.Lockhart@TechCorp.com','2005-11-25',6,3,'E44426','1999-02-16','2005-11-24',4,5);
INSERT INTO Employee(Id, Name_Surname, Email, Hire_Date, Job_Title_Id, Department_Id, Manager_Id, Start_Date, End_Date, Office_Id, Education_Level_Id) VALUES ('E27498','Toni Lembeck','Toni.Lembeck@TechCorp.com','2001-07-18',6,3,'E44426','1995-03-12','2001-07-17',5,5);
INSERT INTO Employee(Id, Name_Surname, Email, Hire_Date, Job_Title_Id, Department_Id, Manager_Id, Start_Date, End_Date, Office_Id, Education_Level_Id) VALUES ('E15292','Melinda Fisher','Melinda.Fisher@TechCorp.com','2011-02-06',9,1,'E63041','2007-02-22','2011-02-05',4,5);
INSERT INTO Employee(Id, Name_Surname, Email, Hire_Date, Job_Title_Id, Department_Id, Manager_Id, Start_Date, End_Date, Office_Id, Education_Level_Id) VALUES ('E20848','Edward Eslser','Edward.Eslser@TechCorp.com','2006-07-26',9,1,'E63041','2002-04-16','2006-07-25',4,5);
INSERT INTO Employee(Id, Name_Surname, Email, Hire_Date, Job_Title_Id, Department_Id, Manager_Id, Start_Date, End_Date, Office_Id, Education_Level_Id) VALUES ('E23295','Lori Scatchard','Lori.Scatchard@TechCorp.com','2004-05-08',8,5,'E88667','2003-04-08','2004-05-07',2,6);














INSERT INTO Salary(Salary, Employee_Id, Start_Date) VALUES (47418, 'E17469','2003-12-17');
INSERT INTO Salary(Salary, Employee_Id, Start_Date) VALUES (28969, 'E27621','2013-11-27');
INSERT INTO Salary(Salary, Employee_Id, Start_Date) VALUES (43778, 'E27909','2014-06-20');
INSERT INTO Salary(Salary, Employee_Id, Start_Date) VALUES (41090, 'E35053','2009-03-01');
INSERT INTO Salary(Salary, Employee_Id, Start_Date) VALUES (35825, 'E51723','2014-05-23');
INSERT INTO Salary(Salary, Employee_Id, Start_Date) VALUES (34809, 'E59688','2006-01-11');
INSERT INTO Salary(Salary, Employee_Id, Start_Date) VALUES (45325, 'E18697','1995-06-01');
INSERT INTO Salary(Salary, Employee_Id, Start_Date) VALUES (40647, 'E25640','2007-12-27');
INSERT INTO Salary(Salary, Employee_Id, Start_Date) VALUES (51633, 'E35075','2007-08-29');
INSERT INTO Salary(Salary, Employee_Id, Start_Date) VALUES (42313, 'E56459','2016-04-21');
INSERT INTO Salary(Salary, Employee_Id, Start_Date) VALUES (34084, 'E78732','2020-01-24');
INSERT INTO Salary(Salary, Employee_Id, Start_Date) VALUES (28373, 'E90407','2010-12-15');
INSERT INTO Salary(Salary, Employee_Id, Start_Date) VALUES (51052, 'E45824','2017-10-03');
INSERT INTO Salary(Salary, Employee_Id, Start_Date) VALUES (39450, 'E48148','2013-02-19');
INSERT INTO Salary(Salary, Employee_Id, Start_Date) VALUES (37136, 'E50012','2009-10-01');
INSERT INTO Salary(Salary, Employee_Id, Start_Date) VALUES (34677, 'E81502','1999-10-24');
INSERT INTO Salary(Salary, Employee_Id, Start_Date) VALUES (45210, 'E83558','1997-10-15');
INSERT INTO Salary(Salary, Employee_Id, Start_Date) VALUES (50043, 'E99949','2005-05-26');
INSERT INTO Salary(Salary, Employee_Id, Start_Date) VALUES (48910, 'E12562','1996-04-14');
INSERT INTO Salary(Salary, Employee_Id, Start_Date) VALUES (50462, 'E16346','2007-12-16');
INSERT INTO Salary(Salary, Employee_Id, Start_Date) VALUES (35638, 'E37523','2017-12-02');
INSERT INTO Salary(Salary, Employee_Id, Start_Date) VALUES (49786, 'E57987','2016-05-15');
INSERT INTO Salary(Salary, Employee_Id, Start_Date) VALUES (51207, 'E73518','2001-03-24');
INSERT INTO Salary(Salary, Employee_Id, Start_Date) VALUES (47909, 'E74296','2016-12-19');
INSERT INTO Salary(Salary, Employee_Id, Start_Date) VALUES (34693, 'E77317','2015-05-20');
INSERT INTO Salary(Salary, Employee_Id, Start_Date) VALUES (29593, 'E91791','2017-06-02');
INSERT INTO Salary(Salary, Employee_Id, Start_Date) VALUES (48239, 'E94358','2007-07-08');
INSERT INTO Salary(Salary, Employee_Id, Start_Date) VALUES (31405, 'E34496','2009-01-27');
INSERT INTO Salary(Salary, Employee_Id, Start_Date) VALUES (34826, 'E87219','2017-09-20');
INSERT INTO Salary(Salary, Employee_Id, Start_Date) VALUES (38176, 'E89540','2017-06-01');
INSERT INTO Salary(Salary, Employee_Id, Start_Date) VALUES (102614, 'E13160','2008-10-06');
INSERT INTO Salary(Salary, Employee_Id, Start_Date) VALUES (84297, 'E16678','2005-11-25');
INSERT INTO Salary(Salary, Employee_Id, Start_Date) VALUES (78206, 'E27498','2001-07-18');
INSERT INTO Salary(Salary, Employee_Id, Start_Date) VALUES (103370, 'E37246','2013-10-23');
INSERT INTO Salary(Salary, Employee_Id, Start_Date) VALUES (111308, 'E49025','2005-06-09');
INSERT INTO Salary(Salary, Employee_Id, Start_Date) VALUES (114582, 'E76443','2020-02-16');
INSERT INTO Salary(Salary, Employee_Id, Start_Date) VALUES (116831, 'E86828','2011-09-29');
INSERT INTO Salary(Salary, Employee_Id, Start_Date) VALUES (110704, 'E98891','2017-09-30');
INSERT INTO Salary(Salary, Employee_Id, Start_Date) VALUES (113744, 'E34500','1997-01-17');
INSERT INTO Salary(Salary, Employee_Id, Start_Date) VALUES (134237, 'E41635','2005-03-26');
INSERT INTO Salary(Salary, Employee_Id, Start_Date) VALUES (122334, 'E51619','2011-10-05');
INSERT INTO Salary(Salary, Employee_Id, Start_Date) VALUES (99218, 'E98270','1997-12-24');
INSERT INTO Salary(Salary, Employee_Id, Start_Date) VALUES (77155, 'E25710','2005-08-14');
INSERT INTO Salary(Salary, Employee_Id, Start_Date) VALUES (87465, 'E41712','2012-01-06');
INSERT INTO Salary(Salary, Employee_Id, Start_Date) VALUES (79694, 'E42522','2007-05-26');
INSERT INTO Salary(Salary, Employee_Id, Start_Date) VALUES (144623, 'E45758','2017-12-19');
INSERT INTO Salary(Salary, Employee_Id, Start_Date) VALUES (140231, 'E48637','1999-09-26');
INSERT INTO Salary(Salary, Employee_Id, Start_Date) VALUES (138695, 'E60752','2010-02-27');
INSERT INTO Salary(Salary, Employee_Id, Start_Date) VALUES (113702, 'E77658','2012-03-15');
INSERT INTO Salary(Salary, Employee_Id, Start_Date) VALUES (71982, 'E85476','2003-07-22');
INSERT INTO Salary(Salary, Employee_Id, Start_Date) VALUES (201404, 'E38677','2014-04-17');
INSERT INTO Salary(Salary, Employee_Id, Start_Date) VALUES (156298, 'E45736','2015-04-04');
INSERT INTO Salary(Salary, Employee_Id, Start_Date) VALUES (169184, 'E56144','2013-01-28');
INSERT INTO Salary(Salary, Employee_Id, Start_Date) VALUES (153296, 'E33486','2000-08-02');
INSERT INTO Salary(Salary, Employee_Id, Start_Date) VALUES (144638, 'E38634','2014-11-22');
INSERT INTO Salary(Salary, Employee_Id, Start_Date) VALUES (81812, 'E53406','2001-10-25');
INSERT INTO Salary(Salary, Employee_Id, Start_Date) VALUES (132436, 'E75081','2008-10-08');
INSERT INTO Salary(Salary, Employee_Id, Start_Date) VALUES (177673, 'E79464','1999-05-01');
INSERT INTO Salary(Salary, Employee_Id, Start_Date) VALUES (127669, 'E96856','2017-11-27');
INSERT INTO Salary(Salary, Employee_Id, Start_Date) VALUES (207651, 'E47655','1997-11-27');
INSERT INTO Salary(Salary, Employee_Id, Start_Date) VALUES (176207, 'E87210','2014-04-18');
INSERT INTO Salary(Salary, Employee_Id, Start_Date) VALUES (93400, 'E95214','2019-09-22');
INSERT INTO Salary(Salary, Employee_Id, Start_Date) VALUES (167887, 'E21696','1997-12-06');
INSERT INTO Salary(Salary, Employee_Id, Start_Date) VALUES (195992, 'E60929','2013-07-03');
INSERT INTO Salary(Salary, Employee_Id, Start_Date) VALUES (83548, 'E76053','1998-08-23');
INSERT INTO Salary(Salary, Employee_Id, Start_Date) VALUES (159035, 'E43694','2016-10-28');
INSERT INTO Salary(Salary, Employee_Id, Start_Date) VALUES (123496, 'E71792','2014-03-30');
INSERT INTO Salary(Salary, Employee_Id, Start_Date) VALUES (183807, 'E93629','2013-07-22');
INSERT INTO Salary(Salary, Employee_Id, Start_Date) VALUES (176000, 'E63041','1995-08-22');
INSERT INTO Salary(Salary, Employee_Id, Start_Date) VALUES (205000, 'E44426','2007-05-02');
INSERT INTO Salary(Salary, Employee_Id, Start_Date) VALUES (187000, 'E77884','2002-12-09');
INSERT INTO Salary(Salary, Employee_Id, Start_Date) VALUES (210000, 'E88667','1995-12-21');
INSERT INTO Salary(Salary, Employee_Id, Start_Date) VALUES (89618, 'E22197','2013-09-22');
INSERT INTO Salary(Salary, Employee_Id, Start_Date) VALUES (98994, 'E24100','1997-03-06');
INSERT INTO Salary(Salary, Employee_Id, Start_Date) VALUES (45412, 'E26874','2015-06-27');
INSERT INTO Salary(Salary, Employee_Id, Start_Date) VALUES (71942, 'E34748','2011-04-28');
INSERT INTO Salary(Salary, Employee_Id, Start_Date) VALUES (101294, 'E36960','2008-04-26');
INSERT INTO Salary(Salary, Employee_Id, Start_Date) VALUES (103714, 'E48884','2008-06-01');
INSERT INTO Salary(Salary, Employee_Id, Start_Date) VALUES (49816, 'E62527','2006-06-15');
INSERT INTO Salary(Salary, Employee_Id, Start_Date) VALUES (65515, 'E62634','2014-08-19');
INSERT INTO Salary(Salary, Employee_Id, Start_Date) VALUES (52924, 'E67793','2018-06-07');
INSERT INTO Salary(Salary, Employee_Id, Start_Date) VALUES (84625, 'E79552','2008-02-05');
INSERT INTO Salary(Salary, Employee_Id, Start_Date) VALUES (93362, 'E81369','2019-05-29');
INSERT INTO Salary(Salary, Employee_Id, Start_Date) VALUES (103110, 'E83512','1996-10-22');
INSERT INTO Salary(Salary, Employee_Id, Start_Date) VALUES (68127, 'E91075','2019-12-15');
INSERT INTO Salary(Salary, Employee_Id, Start_Date) VALUES (76913, 'E11678','2001-12-26');
INSERT INTO Salary(Salary, Employee_Id, Start_Date) VALUES (71846, 'E12397','2013-11-17');
INSERT INTO Salary(Salary, Employee_Id, Start_Date) VALUES (103166, 'E14913','1998-07-15');
INSERT INTO Salary(Salary, Employee_Id, Start_Date) VALUES (77370, 'E23669','2017-04-23');
INSERT INTO Salary(Salary, Employee_Id, Start_Date) VALUES (66952, 'E30317','2019-01-03');
INSERT INTO Salary(Salary, Employee_Id, Start_Date) VALUES (85880, 'E47926','2008-05-31');
INSERT INTO Salary(Salary, Employee_Id, Start_Date) VALUES (86055, 'E66477','2018-05-08');
INSERT INTO Salary(Salary, Employee_Id, Start_Date) VALUES (96416, 'E80744','2020-01-09');
INSERT INTO Salary(Salary, Employee_Id, Start_Date) VALUES (540000, 'E17054','2006-09-07');
INSERT INTO Salary(Salary, Employee_Id, Start_Date) VALUES (180692, 'E10407','2018-10-08');
INSERT INTO Salary(Salary, Employee_Id, Start_Date) VALUES (180913, 'E13596','2012-04-09');
INSERT INTO Salary(Salary, Employee_Id, Start_Date) VALUES (130161, 'E16995','2001-02-28');
INSERT INTO Salary(Salary, Employee_Id, Start_Date) VALUES (196637, 'E22680','2013-10-26');
INSERT INTO Salary(Salary, Employee_Id, Start_Date) VALUES (114616, 'E23429','2018-11-14');
INSERT INTO Salary(Salary, Employee_Id, Start_Date) VALUES (188080, 'E25662','1995-06-22');
INSERT INTO Salary(Salary, Employee_Id, Start_Date) VALUES (174651, 'E28092','2008-11-01');
INSERT INTO Salary(Salary, Employee_Id, Start_Date) VALUES (123909, 'E28638','2004-06-02');
INSERT INTO Salary(Salary, Employee_Id, Start_Date) VALUES (81047, 'E30058','2013-09-24');
INSERT INTO Salary(Salary, Employee_Id, Start_Date) VALUES (91389, 'E30678','2020-05-02');
INSERT INTO Salary(Salary, Employee_Id, Start_Date) VALUES (157102, 'E31241','2014-05-10');
INSERT INTO Salary(Salary, Employee_Id, Start_Date) VALUES (140534, 'E32058','2009-01-19');
INSERT INTO Salary(Salary, Employee_Id, Start_Date) VALUES (82192, 'E34816','2000-08-01');
INSERT INTO Salary(Salary, Employee_Id, Start_Date) VALUES (125831, 'E35860','1999-08-18');
INSERT INTO Salary(Salary, Employee_Id, Start_Date) VALUES (71867, 'E39652','2012-08-11');
INSERT INTO Salary(Salary, Employee_Id, Start_Date) VALUES (101469, 'E42681','1996-04-09');
INSERT INTO Salary(Salary, Employee_Id, Start_Date) VALUES (133564, 'E46366','2004-10-16');
INSERT INTO Salary(Salary, Employee_Id, Start_Date) VALUES (79408, 'E49798','1998-01-09');
INSERT INTO Salary(Salary, Employee_Id, Start_Date) VALUES (156344, 'E54196','2004-12-18');
INSERT INTO Salary(Salary, Employee_Id, Start_Date) VALUES (162790, 'E57502','2016-07-21');
INSERT INTO Salary(Salary, Employee_Id, Start_Date) VALUES (125439, 'E63930','2009-02-25');
INSERT INTO Salary(Salary, Employee_Id, Start_Date) VALUES (86624, 'E67190','2007-07-24');
INSERT INTO Salary(Salary, Employee_Id, Start_Date) VALUES (146429, 'E87073','2007-01-02');
INSERT INTO Salary(Salary, Employee_Id, Start_Date) VALUES (96015, 'E91182','2013-05-18');
INSERT INTO Salary(Salary, Employee_Id, Start_Date) VALUES (111114, 'E93734','2005-06-21');
INSERT INTO Salary(Salary, Employee_Id, Start_Date) VALUES (88910, 'E93871','2002-04-30');
INSERT INTO Salary(Salary, Employee_Id, Start_Date) VALUES (191995, 'E94387','2003-07-25');
INSERT INTO Salary(Salary, Employee_Id, Start_Date) VALUES (153889, 'E95199','2017-01-09');
INSERT INTO Salary(Salary, Employee_Id, Start_Date) VALUES (137555, 'E97273','2004-06-05');
INSERT INTO Salary(Salary, Employee_Id, Start_Date) VALUES (115719, 'E11920','2006-06-19');
INSERT INTO Salary(Salary, Employee_Id, Start_Date) VALUES (208554, 'E16276','1996-03-07');
INSERT INTO Salary(Salary, Employee_Id, Start_Date) VALUES (170741, 'E17372','2009-06-08');
INSERT INTO Salary(Salary, Employee_Id, Start_Date) VALUES (157172, 'E20101','2012-12-03');
INSERT INTO Salary(Salary, Employee_Id, Start_Date) VALUES (83535, 'E22785','1997-12-08');
INSERT INTO Salary(Salary, Employee_Id, Start_Date) VALUES (173443, 'E24539','2004-12-12');
INSERT INTO Salary(Salary, Employee_Id, Start_Date) VALUES (206383, 'E27267','2010-08-29');
INSERT INTO Salary(Salary, Employee_Id, Start_Date) VALUES (118753, 'E29129','2007-12-03');
INSERT INTO Salary(Salary, Employee_Id, Start_Date) VALUES (102779, 'E32359','2019-03-24');
INSERT INTO Salary(Salary, Employee_Id, Start_Date) VALUES (100092, 'E36346','1999-06-22');
INSERT INTO Salary(Salary, Employee_Id, Start_Date) VALUES (172479, 'E37389','1996-12-08');
INSERT INTO Salary(Salary, Employee_Id, Start_Date) VALUES (173887, 'E38997','2007-09-21');
INSERT INTO Salary(Salary, Employee_Id, Start_Date) VALUES (212551, 'E42061','2013-11-04');
INSERT INTO Salary(Salary, Employee_Id, Start_Date) VALUES (70148, 'E44136','2002-01-09');
INSERT INTO Salary(Salary, Employee_Id, Start_Date) VALUES (123476, 'E45236','2008-05-29');
INSERT INTO Salary(Salary, Employee_Id, Start_Date) VALUES (196705, 'E52461','2014-11-11');
INSERT INTO Salary(Salary, Employee_Id, Start_Date) VALUES (175296, 'E55855','2018-05-20');
INSERT INTO Salary(Salary, Employee_Id, Start_Date) VALUES (87817, 'E56444','1999-06-10');
INSERT INTO Salary(Salary, Employee_Id, Start_Date) VALUES (87887, 'E60901','2010-01-10');
INSERT INTO Salary(Salary, Employee_Id, Start_Date) VALUES (174060, 'E61614','1996-07-21');
INSERT INTO Salary(Salary, Employee_Id, Start_Date) VALUES (212353, 'E61947','2010-03-04');
INSERT INTO Salary(Salary, Employee_Id, Start_Date) VALUES (103346, 'E65052','1995-09-15');
INSERT INTO Salary(Salary, Employee_Id, Start_Date) VALUES (175879, 'E68807','2010-11-10');
INSERT INTO Salary(Salary, Employee_Id, Start_Date) VALUES (123946, 'E70374','2007-08-19');
INSERT INTO Salary(Salary, Employee_Id, Start_Date) VALUES (89696, 'E70603','2006-07-06');
INSERT INTO Salary(Salary, Employee_Id, Start_Date) VALUES (134130, 'E72436','2013-05-11');
INSERT INTO Salary(Salary, Employee_Id, Start_Date) VALUES (196226, 'E74490','1999-05-22');
INSERT INTO Salary(Salary, Employee_Id, Start_Date) VALUES (144637, 'E87230','2014-11-10');
INSERT INTO Salary(Salary, Employee_Id, Start_Date) VALUES (105960, 'E87370','2013-11-18');
INSERT INTO Salary(Salary, Employee_Id, Start_Date) VALUES (209418, 'E88864','2008-11-15');
INSERT INTO Salary(Salary, Employee_Id, Start_Date) VALUES (158549, 'E90222','2016-11-01');
INSERT INTO Salary(Salary, Employee_Id, Start_Date) VALUES (196650, 'E93715','1998-04-29');
INSERT INTO Salary(Salary, Employee_Id, Start_Date) VALUES (101957, 'E98559','2006-11-11');
INSERT INTO Salary(Salary, Employee_Id, Start_Date) VALUES (27811, 'E13085','2017-05-01');
INSERT INTO Salary(Salary, Employee_Id, Start_Date) VALUES (26050, 'E14737','2012-07-22');
INSERT INTO Salary(Salary, Employee_Id, Start_Date) VALUES (40806, 'E15267','1998-02-22');
INSERT INTO Salary(Salary, Employee_Id, Start_Date) VALUES (38206, 'E31931','2013-09-26');
INSERT INTO Salary(Salary, Employee_Id, Start_Date) VALUES (48680, 'E36988','2015-10-31');
INSERT INTO Salary(Salary, Employee_Id, Start_Date) VALUES (40083, 'E45405','2000-09-06');
INSERT INTO Salary(Salary, Employee_Id, Start_Date) VALUES (42145, 'E49459','2020-03-28');
INSERT INTO Salary(Salary, Employee_Id, Start_Date) VALUES (27045, 'E52489','2002-12-05');
INSERT INTO Salary(Salary, Employee_Id, Start_Date) VALUES (28700, 'E53895','2014-10-27');
INSERT INTO Salary(Salary, Employee_Id, Start_Date) VALUES (43410, 'E55880','1995-07-18');
INSERT INTO Salary(Salary, Employee_Id, Start_Date) VALUES (31349, 'E69297','2013-03-21');
INSERT INTO Salary(Salary, Employee_Id, Start_Date) VALUES (48749, 'E71128','1998-01-28');
INSERT INTO Salary(Salary, Employee_Id, Start_Date) VALUES (30081, 'E86238','2012-04-21');
INSERT INTO Salary(Salary, Employee_Id, Start_Date) VALUES (52933, 'E90435','2017-02-20');
INSERT INTO Salary(Salary, Employee_Id, Start_Date) VALUES (51407, 'E95190','2016-04-26');
INSERT INTO Salary(Salary, Employee_Id, Start_Date) VALUES (117958, 'E15292','2011-02-06');
INSERT INTO Salary(Salary, Employee_Id, Start_Date) VALUES (83732, 'E20848','2006-07-26');
INSERT INTO Salary(Salary, Employee_Id, Start_Date) VALUES (118941, 'E23295','2004-05-08');
INSERT INTO Salary(Salary, Employee_Id, Start_Date) VALUES (101850, 'E23590','2013-04-06');
INSERT INTO Salary(Salary, Employee_Id, Start_Date) VALUES (99864, 'E35856','2017-05-03');
INSERT INTO Salary(Salary, Employee_Id, Start_Date) VALUES (130129, 'E40432','2010-01-30');
INSERT INTO Salary(Salary, Employee_Id, Start_Date) VALUES (140024, 'E64494','2007-05-11');
INSERT INTO Salary(Salary, Employee_Id, Start_Date) VALUES (153717, 'E64920','2019-05-11');
INSERT INTO Salary(Salary, Employee_Id, Start_Date) VALUES (135656, 'E75344','2009-03-20');
INSERT INTO Salary(Salary, Employee_Id, Start_Date) VALUES (97040, 'E82137','2006-10-04');
INSERT INTO Salary(Salary, Employee_Id, Start_Date) VALUES (78751, 'E84122','2017-10-28');
INSERT INTO Salary(Salary, Employee_Id, Start_Date) VALUES (126529, 'E85640','2001-02-03');
INSERT INTO Salary(Salary, Employee_Id, Start_Date) VALUES (92788, 'E90439','2000-07-23');
INSERT INTO Salary(Salary, Employee_Id, Start_Date) VALUES (118125, 'E90990','2014-11-16');
INSERT INTO Salary(Salary, Employee_Id, Start_Date) VALUES (153362, 'E94552','2013-10-31');
INSERT INTO Salary(Salary, Employee_Id, Start_Date) VALUES (134250, 'E96966','2014-12-19');
INSERT INTO Salary(Salary, Employee_Id, Start_Date) VALUES (151379, 'E97018','2000-09-08');
INSERT INTO Salary(Salary, Employee_Id, Start_Date) VALUES (111681, 'E10033','2016-03-07');
INSERT INTO Salary(Salary, Employee_Id, Start_Date) VALUES (136384, 'E12890','2010-06-06');
INSERT INTO Salary(Salary, Employee_Id, Start_Date) VALUES (124699, 'E18659','2008-01-27');
INSERT INTO Salary(Salary, Employee_Id, Start_Date) VALUES (148313, 'E21348','2016-09-28');
INSERT INTO Salary(Salary, Employee_Id, Start_Date) VALUES (148005, 'E25144','2007-10-25');
INSERT INTO Salary(Salary, Employee_Id, Start_Date) VALUES (136509, 'E26322','2010-10-20');
INSERT INTO Salary(Salary, Employee_Id, Start_Date) VALUES (115791, 'E29652','2007-06-14');
INSERT INTO Salary(Salary, Employee_Id, Start_Date) VALUES (83327, 'E38959','2006-09-16');
INSERT INTO Salary(Salary, Employee_Id, Start_Date) VALUES (122810, 'E62100','2000-02-15');
INSERT INTO Salary(Salary, Employee_Id, Start_Date) VALUES (84143, 'E63937','2014-07-15');
INSERT INTO Salary(Salary, Employee_Id, Start_Date) VALUES (90884, 'E87822','2014-04-02');
INSERT INTO Salary(Salary, Employee_Id, Start_Date) VALUES (76345, 'E13160','2004-07-06');
INSERT INTO Salary(Salary, Employee_Id, Start_Date) VALUES (65778, 'E16678','1999-02-16');
INSERT INTO Salary(Salary, Employee_Id, Start_Date) VALUES (72341, 'E27498','1995-03-12');
INSERT INTO Salary(Salary, Employee_Id, Start_Date) VALUES (32933, 'E15292','2007-02-22');
INSERT INTO Salary(Salary, Employee_Id, Start_Date) VALUES (41407, 'E20848','2002-04-16');
INSERT INTO Salary(Salary, Employee_Id, Start_Date) VALUES (57887, 'E23295','2003-04-08');
